station_id,region_id,short_name,capacity,lon,lat,external_id,geometry
3,3,SF-G27,35,-122.40490436553954,37.78637526861584,1b13a386-c5f4-42cc-bc3b-ded95982e090,POINT (-122.4049043655395 37.78637526861584)
4,3,SF-G26,35,-122.4089150084319,37.78588062694133,a00d04e6-0159-466a-b3ab-23f9550f418c,POINT (-122.4089150084319 37.78588062694133)
5,3,SF-H26,35,-122.40844488143921,37.783899357084934,a1e0b4b2-2c5c-4201-a78c-9e8a2152ab4e,POINT (-122.4084448814392 37.78389935708493)
6,3,SF-A27,23,-122.403234,37.80477,23a2bad4-3ea1-4545-87eb-acbee3efccfc,POINT (-122.403234 37.80477)
7,12,OK-L5,35,-122.27173805236816,37.8045623549303,9e3efff1-3d42-46fd-8206-4021277ba6c2,POINT (-122.2717380523682 37.8045623549303)
8,3,SF-C28-1,23,-122.398525,37.799953,7c7ac914-40e5-426d-b9c4-f12b1a556be8,POINT (-122.398525 37.799953)
9,3,SF-C28-2,19,-122.40086898207666,37.79857210846256,75f6691a-df0a-4d7a-8b35-e5ffe33add4f,POINT (-122.4008689820767 37.79857210846256)
10,3,SF-D27,31,-122.4047702550888,37.79539293725452,e5b0aca4-2ce6-49f8-82e8-8eed6e004147,POINT (-122.4047702550888 37.79539293725452)
11,3,SF-D28,35,-122.398436,37.79728,faad71bc-21e3-4ce1-8b84-63f782a91d1b,POINT (-122.398436 37.79728)
12,3,SF-D29,23,-122.3945855,37.7963894,4fc98cbd-9c9b-401b-95a6-927e30bdbd46,POINT (-122.3945855 37.7963894)
13,3,SF-E27,23,-122.402923,37.794231,e82e7160-d8fb-452b-8f27-c0f75926d080,POINT (-122.402923 37.794231)
14,3,SF-E28,31,-122.39997,37.795001,ed1bf0f9-aa06-4f57-8cd6-5775ff3c29f0,POINT (-122.39997 37.795001)
15,3,SF-E29-1,38,-122.394203,37.795392,b2e9118f-aafb-49fb-b237-4ba08e21f51f,POINT (-122.394203 37.795392)
16,3,SF-E29-2,25,-122.39483803510664,37.79449744600207,84b1ea89-19b6-4f78-92e2-2a161f75e67e,POINT (-122.3948380351066 37.79449744600207)
17,3,SF-E29-3,27,-122.397086,37.792251,16fea24d-ec2c-4e37-8f63-fc9f793de2cf,POINT (-122.397086 37.792251)
18,12,OK-A2,11,-122.26017236709595,37.85022187449679,790da352-5aaa-4bb9-8453-e8ec2f78c038,POINT (-122.2601723670959 37.85022187449679)
19,3,SF-F27,35,-122.403452,37.788975,3213dcdb-2ba7-46ad-b358-258a34bde9e0,POINT (-122.403452 37.788975)
20,3,SF-F28-1,23,-122.399051,37.7913,cf56994c-cdd6-4586-9f56-eea2f51e81ae,POINT (-122.399051 37.7913)
21,3,SF-F28-2,39,-122.400811,37.7896254,2b935f1b-2659-4d82-a348-6a3bb083914d,POINT (-122.400811 37.7896254)
22,3,SF-F29,27,-122.394643,37.789756,083eaf2a-4d3f-4d83-986a-98f67f7f22b4,POINT (-122.394643 37.789756)
23,3,SF-F30-1,23,-122.391034,37.791464,6327ad76-fdd0-4ea8-a09a-f1bccca719b3,POINT (-122.391034 37.791464)
24,3,SF-F30-2,19,-122.3904285,37.7896767,380aa51b-4c0a-4388-ad78-37edf7338a3e,POINT (-122.3904285 37.7896767)
25,3,SF-G28-1,19,-122.39811301231384,37.78692825678771,d79ae08e-a8d2-4aad-9f98-9b20afb8f6e0,POINT (-122.3981130123138 37.78692825678771)
26,3,SF-G29-2,19,-122.39438,37.78729,a40fc1eb-e8e9-4d41-8f77-71365f0d9064,POINT (-122.39438 37.78729)
27,3,SF-G30-1,23,-122.3918648,37.7880593,4a0d887c-7e9d-4f15-a28b-aeeff05f81b6,POINT (-122.3918648 37.7880593)
28,3,SF-G30-2,19,-122.38809792330358,37.78716801474664,9fae2998-e458-47f8-9c7c-978e01f05330,POINT (-122.3880979233036 37.78716801474664)
29,3,SF-H18,27,-122.43944585323335,37.782404601934104,3144f47a-86f7-40f6-9ff0-5c8120babf6a,POINT (-122.4394458532334 37.7824046019341)
30,3,SF-J29,19,-122.395282,37.776598,ea11aa7f-c070-46a4-a074-70604340efa2,POINT (-122.395282 37.776598)
31,3,SF-G19,31,-122.43455886840819,37.78381270927812,08302771-1d45-4ec8-be85-7359fc89edd4,POINT (-122.4345588684082 37.78381270927812)
33,3,SF-H24,23,-122.4154077,37.7816495,fcd1d64c-949b-459f-a335-1e0c3ed231d4,POINT (-122.4154077 37.7816495)
34,3,SF-H25,23,-122.412408,37.7839879,b48ebe9a-8d7b-4ac1-b0da-db5978404330,POINT (-122.412408 37.7839879)
35,5,SJ-M6,23,-121.90457582473755,37.32911866814779,28988488-fb74-4bbc-9e69-613698b2dd8c,POINT (-121.9045758247375 37.32911866814779)
36,3,SF-H28,31,-122.39887,37.78383,a81b1594-ce38-4374-b256-3f183c8e12bc,POINT (-122.39887 37.78383)
37,3,SF-H29,39,-122.39690601825714,37.785376593819436,dcb5ad16-caa9-4d40-b279-6d36152069a2,POINT (-122.3969060182571 37.78537659381944)
38,3,SF-H30,26,-122.38792061805725,37.78292608704408,8517bd49-73e1-4b27-8686-d9f38a1f1ec3,POINT (-122.3879206180573 37.78292608704408)
39,3,SF-I19,27,-122.4368608,37.7789994,86fae8b7-9d4f-499a-9437-422a07103c57,POINT (-122.4368608 37.7789994)
41,3,SF-I23-1,31,-122.41874,37.78127,8b2524c3-cc5f-4a3d-97f6-224a540d3ecc,POINT (-122.41874 37.78127)
42,3,SF-I23-2,19,-122.41823,37.77865,64ce6633-9ea3-4dc1-b33f-c9d14c523a6a,POINT (-122.41823 37.77865)
43,3,SF-I24,31,-122.4159292,37.7787677,54c91186-8493-44d1-ac4f-435350fee797,POINT (-122.4159292 37.7787677)
44,3,SF-I25,31,-122.4117382,37.7810737,6ab85eb1-e112-4c57-8a44-110120d68a1d,POINT (-122.4117382 37.7810737)
46,12,OK-L12,15,-122.24237322807312,37.79013985185364,6064907e-3871-4b2c-829b-d01406cee6fb,POINT (-122.2423732280731 37.79013985185364)
47,3,SF-I28,19,-122.40081131458284,37.78067477132274,3c09035e-28d3-4031-9148-51c08343856b,POINT (-122.4008113145828 37.78067477132274)
49,3,SF-I29-2,30,-122.3949894,37.7807601,a6bfff23-97d9-4a9d-b999-dd85168d8812,POINT (-122.3949894 37.7807601)
50,3,SF-I30,39,-122.390288,37.780526,ba25987f-399d-49ce-9354-52785e48ea13,POINT (-122.390288 37.780526)
51,3,SF-J15,27,-122.4530929327011,37.77610091264586,f2c2ba49-25e1-4493-8565-5df5af66e153,POINT (-122.4530929327011 37.77610091264586)
52,3,SF-J17,27,-122.4418376,37.7774157,73fccaab-205c-4b1e-a547-5fb0f2a58056,POINT (-122.4418376 37.7774157)
53,3,SF-J18,27,-122.4377775,37.775946,d533df76-e03c-4ef3-b928-968aaed45823,POINT (-122.4377775 37.775946)
54,3,SF-J19,23,-122.43327409029006,37.77754677017323,2b140c2a-c038-4983-9290-d801db8a13f5,POINT (-122.4332740902901 37.77754677017323)
55,3,SF-J20,27,-122.4295585,37.7770527,fde4cecd-7497-4bdb-a452-0e1a755e7759,POINT (-122.4295585 37.7770527)
56,3,SF-K21,27,-122.42731690406801,37.77341396997343,891d3a5f-05ab-45f2-8427-b74a1ec12d5b,POINT (-122.427316904068 37.77341396997343)
58,3,SF-J23-1,31,-122.417385,37.776619,a9c46d92-b21e-489a-b922-3deb4ec1ab35,POINT (-122.417385 37.776619)
59,3,SF-J23-2,27,-122.418954,37.774814,4990eb75-f06e-4737-b5e8-03f8f45ffe66,POINT (-122.418954 37.774814)
60,3,SF-J24,31,-122.4094493687153,37.77452040113685,1822622c-b9e0-43fe-8bf9-9f26024aa426,POINT (-122.4094493687153 37.77452040113685)
61,3,SF-J25,27,-122.4113061,37.7765126,6156f831-ca96-459d-aafe-685420751e4d,POINT (-122.4113061 37.7765126)
62,3,SF-J26,15,-122.40643188357353,37.77779057034257,03eb8b17-d20f-400c-a98a-dcbc947228af,POINT (-122.4064318835735 37.77779057034257)
63,3,SF-J27,19,-122.40257500673577,37.775910222333366,7d463937-ff3e-4fb2-802a-f5b7cca1159e,POINT (-122.4025750067358 37.77591022233337)
64,3,SF-J28,1,-122.3990176,37.7767539,5d14b4a5-720a-4849-8f65-78165d8bf63c,POINT (-122.3990176 37.7767539)
66,3,SF-J29-1,39,-122.39274082710836,37.77874161153677,f7cd5ed5-b319-4723-93d2-188e3c3333e5,POINT (-122.3927408271084 37.77874161153677)
70,3,SF-K17,31,-122.44429260492325,37.77331087889723,5292350c-9e2a-4d8d-bed5-b2738edc1551,POINT (-122.4442926049232 37.77331087889723)
71,3,SF-K18,27,-122.4390777,37.7730627,b1a957d2-5e0e-4a99-bca3-7f3db21d30eb,POINT (-122.4390777 37.7730627)
72,3,SF-K19,27,-122.4356498,37.772406,5215d3e4-b85a-4499-a460-1b038f7a2bf1,POINT (-122.4356498 37.772406)
73,3,SF-K20,27,-122.4337079,37.7717933,1de96988-6dfc-4f97-8570-6d8664b6e88a,POINT (-122.4337079 37.7717933)
74,3,SF-J21,27,-122.42624402046204,37.776434819204745,83b33e8d-bf8c-4a2a-8ee3-942834af27b4,POINT (-122.426244020462 37.77643481920474)
75,3,SF-K22-1,35,-122.42123901844025,37.7737932060887,bf116a73-3718-46c1-ac14-c295963150ae,POINT (-122.4212390184402 37.7737932060887)
76,3,SF-K22-2,19,-122.42242321372034,37.77166246221617,d8b96e4a-7123-41db-a02c-e4ce48302578,POINT (-122.4224232137203 37.77166246221617)
77,3,SF-K24,19,-122.4160402,37.7735069,49754dc9-1925-4020-a599-704c9f064b03,POINT (-122.4160402 37.7735069)
78,3,SF-K25,27,-122.4116467,37.7737172,16fbff76-56d1-4e2b-b735-ec21b8cd3181,POINT (-122.4116467 37.7737172)
79,3,SF-K27,23,-122.4036725,37.7734919,5f048eb1-0b31-49ac-9d17-9b9880dc0ae9,POINT (-122.4036725 37.7734919)
80,3,SF-K28,35,-122.39743709564209,37.77523486860597,38a24ab3-8b5e-4d6d-804b-d4e89d19601e,POINT (-122.3974370956421 37.77523486860597)
81,3,SF-K29-1,35,-122.39317,37.77588,5f90cd60-c199-4919-a20c-a2e417627b9d,POINT (-122.39317 37.77588)
84,3,SF-L19,19,-122.4338119,37.7692005,d006bbb9-ba51-4958-9c4f-cdd78527bfa1,POINT (-122.4338119 37.7692005)
85,3,SF-L20,27,-122.4291557,37.7700831,38a02670-3056-43fb-8271-20fbf6baa538,POINT (-122.4291557 37.7700831)
86,3,SF-L21,19,-122.4268256,37.7693053,930fe54f-5572-4900-8910-6041386560bf,POINT (-122.4268256 37.7693053)
87,3,SF-L24,27,-122.415674,37.769757,04678a3e-1ec0-4493-a3cc-b92e74ab40ec,POINT (-122.415674 37.769757)
88,3,SF-L25,27,-122.4117258,37.7700298,a0406a84-2708-4727-84bf-9ca96894ef45,POINT (-122.4117258 37.7700298)
89,3,SF-L26,27,-122.40764558315276,37.76921786152374,2f20969c-74f7-4b6a-8e23-d4d1a31b75f5,POINT (-122.4076455831528 37.76921786152374)
90,3,SF-L27,27,-122.402717,37.771058,e4e5d6b1-a335-41a9-8efe-4c4d9294d6e2,POINT (-122.402717 37.771058)
91,3,SF-L28,23,-122.39843755960464,37.771762110313176,afa2db8d-61bb-461a-8019-d5cd2aa1ec25,POINT (-122.3984375596046 37.77176211031318)
92,3,SF-L29,25,-122.39302754402159,37.772300631747626,42952b44-cb91-43dd-bdbd-34e4f2a39046,POINT (-122.3930275440216 37.77230063174763)
93,3,SF-L30-1,27,-122.3911984,37.7704074,28844b82-850f-4e02-95c6-59d6076e8516,POINT (-122.3911984 37.7704074)
95,3,SF-M20,27,-122.4310597,37.7662185,0c9cb910-8442-4df6-a997-704d817583ab,POINT (-122.4310597 37.7662185)
96,3,SF-M21,19,-122.4266136,37.7662102,fa33d61b-8ba5-4c23-9603-8d9ebf167d5d,POINT (-122.4266136 37.7662102)
97,3,SF-M22-1,19,-122.4201102,37.7682646,b65fc6af-b92c-41c5-8c63-e26cdfa3cda1,POINT (-122.4201102 37.7682646)
98,3,SF-M22-2,23,-122.4218661,37.765052,a5c8beca-df86-4cac-8229-ac1d7b010401,POINT (-122.4218661 37.765052)
99,3,SF-M24,19,-122.4154425,37.7670373,314fd7e5-4335-4b89-ac9d-2c099bc33d9f,POINT (-122.4154425 37.7670373)
100,3,SF-M25,19,-122.410662,37.7671004,f3e171b4-04b0-418f-9d82-e62f4df245d8,POINT (-122.410662 37.7671004)
101,3,SF-M26,27,-122.40735858678818,37.767078504583665,fdbfa7f9-d3eb-4c9d-ab6c-0e3300da314e,POINT (-122.4073585867882 37.76707850458367)
102,3,SF-M27,27,-122.3995794,37.7668828,7a555b4b-c8fa-456d-a8bb-4cb7c8bbbffa,POINT (-122.3995794 37.7668828)
104,3,SF-M30,35,-122.39083349704742,37.76704457969368,482f48f4-7ed6-4e69-a778-a2aba0f39c80,POINT (-122.3908334970474 37.76704457969368)
105,3,SF-N20-1,19,-122.4318042,37.764285,84dfbc77-fe18-4e2c-9f89-9edb8aeaee2c,POINT (-122.4318042 37.764285)
106,3,SF-N20-2,19,-122.4306746,37.7632417,4cfebcba-c209-4f34-bcd3-2e6c4cdaee34,POINT (-122.4306746 37.7632417)
107,3,SF-N21,23,-122.4264968,37.7630152,3ccf483a-ed9f-4327-bf9b-d72b4170ebfc,POINT (-122.4264968 37.7630152)
108,3,SF-N22-1A,8,-122.41995692253113,37.76471008581914,d6ced8f4-977a-441a-86f0-27381b495794,POINT (-122.4199569225311 37.76471008581914)
109,3,SF-N22-2,23,-122.4219039,37.7633158,18fb1a9a-e3ee-4a18-a00d-45c1e0d14d16,POINT (-122.4219039 37.7633158)
110,3,SF-N23,23,-122.4152042,37.7637085,d6ebe802-3db6-4106-b3c7-4791c801a91f,POINT (-122.4152042 37.7637085)
112,3,SF-N24-2,0,-122.4130036,37.7638471,4d2b40cb-88e2-4371-8532-b1e52e797c8c,POINT (-122.4130036 37.7638471)
113,3,SF-N25,19,-122.410345,37.764555,906d869e-f513-4c60-ab76-15e2ddc68632,POINT (-122.410345 37.764555)
114,3,SF-N27,19,-122.4025701,37.7644783,b3c834af-571f-4fee-808b-ae2a7c018b5c,POINT (-122.4025701 37.7644783)
115,3,SF-N28,27,-122.3987734,37.7650259,40aad9cb-3190-4190-b73f-95aa661cec18,POINT (-122.3987734 37.7650259)
116,3,SF-N29,31,-122.3947713,37.7648022,9a97cfb1-8882-4dfc-a075-2c22d646e457,POINT (-122.3947713 37.7648022)
118,3,SF-O18,19,-122.4369431,37.7591769,38a49a05-7382-4a28-b6b1-b57c6fe99745,POINT (-122.4369431 37.7591769)
119,3,SF-O19,15,-122.4326417,37.7610471,cd7359fc-6798-48ed-af32-9d5f6cff9ffa,POINT (-122.4326417 37.7610471)
120,3,SF-O21,27,-122.4264353,37.7614205,53bea4e6-b907-424c-b519-d286ffb713d8,POINT (-122.4264353 37.7614205)
121,3,SF-O22,23,-122.4213392,37.7592103,f6c0f2ed-11cc-4b74-9d03-f2b298c9bd1b,POINT (-122.4213392 37.7592103)
122,3,SF-O23,19,-122.418892,37.760299,f8b56cb7-cb70-4097-99c4-446fc29600c9,POINT (-122.418892 37.760299)
123,3,SF-O24,19,-122.4148171,37.7605936,aa6d4372-55f7-451a-a9ab-a546001fd8f7,POINT (-122.4148171 37.7605936)
124,3,SF-O25-1,19,-122.410807,37.7604469,fb24c862-b4cf-45e1-9008-4812aa8370fd,POINT (-122.410807 37.7604469)
125,3,SF-O25-2,15,-122.409851,37.7592005,b3af6593-57d4-4b9a-ba7a-b2d8051bc6b9,POINT (-122.409851 37.7592005)
126,3,SF-O30,31,-122.3906477,37.7616343,0b596735-1b55-4aaa-8421-2ac1a39267b1,POINT (-122.3906477 37.7616343)
127,3,SF-P22,23,-122.421025,37.7567083,08a1a4d2-e83a-4911-8743-41006698f4da,POINT (-122.421025 37.7567083)
129,3,SF-P24,19,-122.412544,37.758862,cae028f4-b136-4297-8f28-559986e3f810,POINT (-122.412544 37.758862)
130,3,SF-P30,35,-122.39188492298126,37.75770404149008,e7691d93-eed6-4388-b681-00ae0b455d23,POINT (-122.3918849229813 37.75770404149008)
131,3,SF-Q21-1,23,-122.42572769522668,37.75500026037814,578169a8-b821-427d-934e-0b5329577ea4,POINT (-122.4257276952267 37.75500026037814)
132,3,SF-Q21-2,19,-122.4266139,37.7518194,2ed84bed-e42a-4f0d-a059-78a709748616,POINT (-122.4266139 37.7518194)
133,3,SF-Q22-1,23,-122.4209752,37.7552126,759c388e-ab9b-40c2-ae96-ee5190264916,POINT (-122.4209752 37.7552126)
134,3,SF-Q22-2,23,-122.4206278,37.7524278,3437ead2-e5e0-4e1c-86cf-d925a96b2260,POINT (-122.4206278 37.7524278)
137,3,SF-R19,19,-122.4339496,37.750506,b6190b6b-1f42-4b69-ab79-d6cfa18adea7,POINT (-122.4339496 37.750506)
138,3,SF-R20,19,-122.4274114,37.7509004,673c88d0-961a-45ff-b394-ac9a33e58d55,POINT (-122.4274114 37.7509004)
139,3,SF-R24,23,-122.4119009,37.7510171,1d0da57a-5fe4-48af-b66b-5f380706eb4e,POINT (-122.4119009 37.7510171)
140,3,SF-S21,15,-122.4249863,37.7478584,9202aa09-26ee-4220-9281-c66b7bbe7b38,POINT (-122.4249863 37.7478584)
141,3,SF-S22-1,19,-122.4202187,37.7479981,fb66d43b-6d13-411c-ac2d-e26fbca0b0f2,POINT (-122.4202187 37.7479981)
142,3,SF-S22-2,15,-122.42214024066925,37.745738796183325,aacc087a-f075-4682-a0df-be4c30c4a632,POINT (-122.4221402406693 37.74573879618332)
144,3,SF-S24,15,-122.4114029,37.7472996,615bca10-5b2a-4b7e-876c-04c4d3d9e360,POINT (-122.4114029 37.7472996)
145,3,SF-T20,15,-122.4268059,37.7436839,0fc2ae3f-b5ac-493b-bd93-8300b601f9db,POINT (-122.4268059 37.7436839)
146,3,SF-T21,15,-122.4231805,37.7423139,c7879d87-34c8-4b23-9c07-250fb012bd4b,POINT (-122.4231805 37.7423139)
147,3,SF-T22,19,-122.4214722,37.7440667,86e91819-05c0-4150-ab16-83d8480dc7f4,POINT (-122.4214722 37.7440667)
148,13,EM-D2,23,-122.2876102,37.8297046,8f409200-2adf-4b2d-b675-6befa5adc6e3,POINT (-122.2876102 37.8297046)
149,13,EM-D3,23,-122.2856333,37.8312752,47f5b0d6-a2db-482c-9680-10759094c4a4,POINT (-122.2856333 37.8312752)
150,13,EM-D4,15,-122.2782669,37.8312769,789f4684-fb14-456b-ad02-87ee28d80ff1,POINT (-122.2782669 37.8312769)
151,13,EM-C2,23,-122.2871801,37.8361823,31871354-8b20-4566-9044-f70ac57026dc,POINT (-122.2871801 37.8361823)
152,13,EM-C3,19,-122.28105068206787,37.83563220458518,1eef0966-a6b6-4da1-8726-09989c2eb044,POINT (-122.2810506820679 37.83563220458518)
153,13,EM-A1,19,-122.2913604,37.8409452,5ea1329c-9fe6-4c24-9de7-34967a9fa428,POINT (-122.2913604 37.8409452)
154,13,EM-A2,15,-122.2880451,37.8419238,4fea6876-e80d-4a29-9966-820ac15cd3b4,POINT (-122.2880451 37.8419238)
155,13,EM-B1,19,-122.29352831840515,37.84052116694969,998afb43-2436-4f11-9ed1-380c9abc3e55,POINT (-122.2935283184052 37.84052116694969)
156,13,EM-B2,15,-122.2886647,37.8384435,9da2121d-d8a8-464d-a396-cd41c9487bc4,POINT (-122.2886647 37.8384435)
157,13,EM-C1,19,-122.2913761,37.8467842,83f44c93-d153-49b3-a8af-a6b4a7ea85db,POINT (-122.2913761 37.8467842)
158,12,OK-E4,19,-122.2634901,37.8332786,c3f56bed-65e3-425b-999e-82b3a4f73aeb,POINT (-122.2634901 37.8332786)
159,12,OK-J3,19,-122.2782444,37.8160598,92045ce2-112c-4cd9-ae42-39aac4f43e86,POINT (-122.2782444 37.8160598)
160,12,OK-M1,23,-122.2948365,37.8053183,270425db-c369-4d4b-b8de-fae86c896a3c,POINT (-122.2948365 37.8053183)
162,12,OK-M6,27,-122.2720799,37.8005161,09c20e68-4f8c-4723-ae8f-bac3dd927848,POINT (-122.2720799 37.8005161)
163,12,OK-M7,27,-122.2653199,37.7973195,ce264eb5-ebfe-4a03-8bd3-e319c32614ec,POINT (-122.2653199 37.7973195)
164,12,OK-J4,19,-122.27484405040741,37.814988230424156,e9b45d4b-900e-4d9f-bb75-74dcea012859,POINT (-122.2748440504074 37.81498823042416)
166,14,BK-A3,15,-122.2525233,37.8513755,76d7eeec-413a-4940-9bc2-8222d35f8fdc,POINT (-122.2525233 37.8513755)
167,12,OK-A4,19,-122.2521599,37.848152,b4717e68-fb91-4e74-819f-4a9580a84ca5,POINT (-122.2521599 37.848152)
168,12,OK-B1,15,-122.26556897163393,37.849594967776646,04059da9-ebad-42e8-928b-14e5e3edf26f,POINT (-122.2655689716339 37.84959496777665)
169,12,OK-B2,19,-122.2653043,37.8465156,48e675de-7b94-49ff-bb5e-fa146c243599,POINT (-122.2653043 37.8465156)
170,12,OK-B3,15,-122.261351,37.8444927,50518b51-6910-4f71-bb20-7b0d0fc4f4b7,POINT (-122.261351 37.8444927)
171,12,OK-B4,24,-122.251900434494,37.84427875399067,31146111-fc8f-4107-9087-1a160eefaa54,POINT (-122.251900434494 37.84427875399067)
172,12,OK-B5,15,-122.2515349,37.8417999,5f13426c-73f2-4272-a498-f11ff007e8d3,POINT (-122.2515349 37.8417999)
173,12,OK-D3-1,15,-122.2644881,37.8403643,cd4b4099-e2f5-4d46-bc1f-ed96d22548cc,POINT (-122.2644881 37.8403643)
174,12,OK-D3-2,19,-122.2640037,37.8368013,dcf29fa9-3304-4f6f-90eb-ef48ada9dbfe,POINT (-122.2640037 37.8368013)
175,12,OK-D4,15,-122.2623663,37.8359455,971307f6-5491-4112-beac-6b6960af6c0d,POINT (-122.2623663 37.8359455)
176,12,OK-F4,31,-122.26631462574005,37.82840997305853,1af8102a-589a-47ea-97ec-4589b71403aa,POINT (-122.2663146257401 37.82840997305853)
177,12,OK-G4,19,-122.2651002,37.8262863,f3db9065-9d34-451e-ae8e-930612f8b8d7,POINT (-122.2651002 37.8262863)
178,12,OK-H5,19,-122.2619284,37.8193814,b96ee0c1-a83b-4f0c-9eae-4592672b3e86,POINT (-122.2619284 37.8193814)
179,12,OK-I5,19,-122.26788640022278,37.816073115011406,a0b6621e-016f-4a91-918c-2140bfd9813c,POINT (-122.2678864002228 37.81607311501141)
180,12,OK-J5,19,-122.2687726,37.8126783,74e8630e-7e2a-447f-ae87-5c9898c7346a,POINT (-122.2687726 37.8126783)
181,12,OK-J6-1,27,-122.2651925,37.8113768,cb84be53-d226-47fc-aa81-789c037361d4,POINT (-122.2651925 37.8113768)
182,12,OK-K5-2,31,-122.26795077323914,37.809368612134854,6977a0c8-f59f-4d97-9868-e7b20cc2fdad,POINT (-122.2679507732391 37.80936861213485)
183,12,OK-K5-1,27,-122.2699271,37.8087021,f1ee54eb-4abe-4158-9c82-53bcc640fc77,POINT (-122.2699271 37.8087021)
186,12,OK-L7-2,27,-122.2626418,37.8013189,b8398469-a2ba-4d86-8f5a-07f9883796bd,POINT (-122.2626418 37.8013189)
187,12,OK-N6,27,-122.279352,37.796248,759daccc-7f53-4b29-ab07-cf2d75a10610,POINT (-122.279352 37.796248)
188,12,OK-C2,15,-122.267738,37.8426295,9cb2f8b5-0d32-4a15-a4f1-3990595156de,POINT (-122.267738 37.8426295)
189,12,OK-D2,15,-122.2717561,37.8396488,a247eef9-7ee3-4827-8ddb-fbd8daca7a0b,POINT (-122.2717561 37.8396488)
190,12,OK-F3,23,-122.2709501,37.8302232,b6e253b2-285d-4363-ae46-24e7c221cc08,POINT (-122.2709501 37.8302232)
191,12,OK-G2,15,-122.2739367,37.8305452,316f6785-47aa-4e37-b81b-3cf829bf5120,POINT (-122.2739367 37.8305452)
192,12,OK-G3,23,-122.27179706096648,37.82669558640968,73295cf1-c5e1-41dd-8cd7-eab6512e8a34,POINT (-122.2717970609665 37.82669558640968)
193,12,OK-H9-1,19,-122.2472152,37.8127441,1c2e5680-719b-4674-9837-092c367594ba,POINT (-122.2472152 37.8127441)
194,12,OK-H9-2,15,-122.2432677,37.8110807,717e6e13-e1b2-4c13-944d-823a556c1635,POINT (-122.2432677 37.8110807)
195,12,OK-I6,23,-122.26077854633331,37.81231409135146,422ab254-5c2c-4a9c-9368-a49e8dab3ebf,POINT (-122.2607785463333 37.81231409135146)
196,12,OK-I8,23,-122.25646018981932,37.80889393398715,d5eedd49-f998-4b8a-9d1a-22853da216aa,POINT (-122.2564601898193 37.80889393398715)
197,12,OK-I9,23,-122.2496799,37.8088479,70b61cdb-7b5d-4455-84e4-9b9c697b6740,POINT (-122.2496799 37.8088479)
198,12,OK-J6-2,31,-122.26449608802795,37.80781318217903,5fdc3d6d-e9c8-47cf-874e-d2f012cfb217,POINT (-122.264496088028 37.80781318217903)
200,12,OK-K9,19,-122.25381016731262,37.800213566969795,7655722c-16c0-4996-9d92-4848ece2fc35,POINT (-122.2538101673126 37.80021356696979)
201,12,OK-L8,23,-122.2629973,37.7976728,7018fb4d-6799-4a20-8ea4-739f789cd096,POINT (-122.2629973 37.7976728)
202,12,OK-M5,27,-122.2748943,37.8007544,8f34c934-e51e-4b0f-810c-916618b6cd90,POINT (-122.2748943 37.8007544)
203,12,OK-N7,27,-122.27396965026855,37.795194764385954,7686b58c-88a3-4ca8-a898-d4bcccf520b3,POINT (-122.2739696502686 37.79519476438595)
204,12,OK-C3,19,-122.2618225,37.8401858,bf463e48-e629-4fed-9e7e-551e5c5a1af7,POINT (-122.2618225 37.8401858)
205,12,OK-C4,19,-122.258732,37.8388,ffbf423a-2c1b-447a-a47d-9c1fddd152be,POINT (-122.258732 37.8388)
206,12,OK-C5,23,-122.2512714,37.8381269,b31a7464-fb7f-4554-a89b-ef8b4c97a367,POINT (-122.2512714 37.8381269)
207,12,OK-D5,23,-122.2516207,37.8357883,67ed16db-4800-4671-bba4-e8ef52d6d74e,POINT (-122.2516207 37.8357883)
208,5,SJ-N10-1,19,-121.88385039567946,37.33279952386071,453a6d0d-31ce-4204-b2e1-2f9532e4b356,POINT (-121.8838503956795 37.33279952386071)
209,12,OK-E3,19,-122.2674183,37.8335577,1dedc5ae-882d-4bb0-bcfe-33604cc116df,POINT (-122.2674183 37.8335577)
210,12,OK-E5,23,-122.25622415542603,37.8332935222321,42019e90-fa74-4a77-9051-5dfed81a32de,POINT (-122.256224155426 37.8332935222321)
211,12,OK-F5,23,-122.2567156,37.8277573,76d741e6-6b22-4d6a-a16f-8dbd7ab51c6f,POINT (-122.2567156 37.8277573)
212,12,OK-G5,31,-122.26043654610294,37.824892529951114,4298a24b-394a-491d-9d8f-df90f381b187,POINT (-122.2604365461029 37.82489252995111)
213,12,OK-H2,15,-122.2811926,37.8238474,df2bc9c0-0377-46c8-83ea-ef7ef9dcdb4d,POINT (-122.2811926 37.8238474)
214,12,OK-H3,19,-122.2757325,37.8233214,77948e35-f1c6-4ff9-9d8c-787a16b20a27,POINT (-122.2757325 37.8233214)
215,12,OK-H4-3,23,-122.2663179,37.8225475,b0f5f6bc-86db-4670-be8d-4112719fbd71,POINT (-122.2663179 37.8225475)
216,12,OK-I3,19,-122.2756976,37.8178269,8a7e7744-c516-46b9-b079-2a6d3afc2383,POINT (-122.2756976 37.8178269)
217,12,OK-I4,19,-122.2717615,37.8170154,10334650-998e-4022-a883-2c3110edeb40,POINT (-122.2717615 37.8170154)
218,12,OK-K2,15,-122.2851712,37.8123315,1af8f901-8697-4128-b6c8-45c7c7f2c684,POINT (-122.2851712 37.8123315)
219,12,OK-K3,18,-122.2801923,37.8098236,77476eaf-b0a1-473b-8e68-9d6a312545b1,POINT (-122.2801923 37.8098236)
220,12,OK-K4,19,-122.2734217,37.8113514,924ea8a9-841d-43b5-99a9-bff7ca8d4b64,POINT (-122.2734217 37.8113514)
221,12,OK-L10,0,-122.253842,37.794396,ddc82a89-0b7e-41a7-ba69-05e3776d13cf,POINT (-122.253842 37.794396)
222,12,OK-L11,15,-122.2487796,37.7927143,4c05cf62-fcee-4f55-960f-aeccd2b09735,POINT (-122.2487796 37.7927143)
223,3,SF-N22-1B,19,-122.42009103298186,37.7647652154977,cdc26b4b-f9dc-4b00-8cf4-1665b5bf8afd,POINT (-122.4200910329819 37.7647652154977)
224,12,OK-L13,23,-122.24745869636536,37.800459411713945,885754e6-88c9-46ed-9376-f1b035a71b54,POINT (-122.2474586963654 37.80045941171394)
225,12,OK-L14,15,-122.2343822,37.7851915,6b89ea9f-180b-4954-8eab-6cfeb2b66027,POINT (-122.2343822 37.7851915)
226,12,OK-L15,15,-122.2329915,37.781123,28925943-fddd-4f98-86ef-9f8dbd9bc62d,POINT (-122.2329915 37.781123)
227,12,OK-L16,15,-122.2226033,37.7837569,ea88423e-8147-4d3e-a51f-22430d3d728c,POINT (-122.2226033 37.7837569)
228,12,OK-L17,19,-122.2177284,37.77993,9ac7060b-f5d5-4ae4-be01-2571b1419d3f,POINT (-122.2177284 37.77993)
229,12,OK-L19,19,-122.21239820122717,37.774152564302355,0d6a9101-5b40-4fdf-9315-e494af1baf7b,POINT (-122.2123982012272 37.77415256430236)
230,12,OK-L2,15,-122.2914153,37.8107432,a845426e-b1fe-4dab-b7a5-b6e581f4d7dc,POINT (-122.2914153 37.8107432)
231,12,OK-L3,19,-122.28328227996825,37.80874983465997,ac5e3053-b3f5-4396-9114-7650b67c7090,POINT (-122.2832822799682 37.80874983465997)
232,12,OK-L4,19,-122.2760402,37.8061628,e4921f52-7a6c-4baa-b057-ddc7051980ca,POINT (-122.2760402 37.8061628)
233,12,OK-L9,19,-122.255547,37.795913,ddc41c7f-69d7-48a9-a992-d0c543fd6f5e,POINT (-122.255547 37.795913)
234,12,OK-M16,19,-122.2254,37.778058,51c15f4f-80bb-4c55-9675-70c184bb4318,POINT (-122.2254 37.778058)
235,12,OK-M2,19,-122.2893702,37.8072393,e0c59a44-7e14-43bd-99e2-a294b3fc0951,POINT (-122.2893702 37.8072393)
236,12,OK-M3,23,-122.282497,37.8036865,2d1b2144-cbf3-4077-8fbb-400c7536613c,POINT (-122.282497 37.8036865)
237,12,OK-N17,15,-122.2244982,37.7752321,cf1d4581-61da-4ade-97d5-2f856cdb0aad,POINT (-122.2244982 37.7752321)
238,14,BK-C6,23,-122.2730677,37.8717192,3d923c3c-46ea-4a46-84b7-e95916cdb0bd,POINT (-122.2730677 37.8717192)
239,14,BK-E9-1,23,-122.258764,37.8688126,874b7cea-2d90-4978-bc49-b9a38b597f81,POINT (-122.258764 37.8688126)
240,14,BK-E9-2,19,-122.2588044,37.8660431,318b8d9d-cf10-41a5-988a-860a07f0543d,POINT (-122.2588044 37.8660431)
241,14,BK-H6,23,-122.2702132,37.8524766,25e8f173-3c6f-43d5-9806-af1c72f6f3d8,POINT (-122.2702132 37.8524766)
242,14,BK-F7,23,-122.2693844139576,37.86012459911685,713e3a3a-c5a6-4f48-a122-c536326bc954,POINT (-122.2693844139576 37.86012459911685)
243,14,BK-E10,30,-122.2543374,37.8693603,a646ab7e-7396-4009-abb8-0b51171325ff,POINT (-122.2543374 37.8693603)
244,14,BK-C7,23,-122.26848721504211,37.87367621459825,b43472b6-2dfc-451e-a668-abc1a1099b6e,POINT (-122.2684872150421 37.87367621459825)
245,14,BK-D7-1,29,-122.268422,37.870139,7adb5dde-e34a-4964-98d3-f64a940beacb,POINT (-122.268422 37.870139)
246,14,BK-D7-2,27,-122.270556,37.8690599,99665404-d98e-472c-9f68-0016be3601db,POINT (-122.270556 37.8690599)
247,14,BK-E8,23,-122.2658964,37.8677892,a4176220-2f51-47dd-82c4-342dc97867bd,POINT (-122.2658964 37.8677892)
248,14,BK-H9,19,-122.2597949,37.8559558,f630e61e-56b0-4f69-a91b-2e85b44dfcb7,POINT (-122.2597949 37.8559558)
249,14,BK-H10,19,-122.2532529,37.8584732,f33b866f-ce2e-4d48-9b2a-cf566ba59039,POINT (-122.2532529 37.8584732)
250,14,BK-C5,27,-122.283093,37.873558,930e63db-726c-4276-b3c3-fc51f32b3ddd,POINT (-122.283093 37.873558)
251,14,BK-D5,15,-122.27972030639648,37.87055532905745,f82dccaa-6309-4a54-a405-fe94412f71d6,POINT (-122.2797203063965 37.87055532905745)
252,14,BK-E7,23,-122.2674431,37.8658466,76709a87-13a8-4df3-a971-073c79fcf6b0,POINT (-122.2674431 37.8658466)
253,14,BK-E10-,23,-122.25379943847655,37.86641794050319,bd5a77f6-ebbe-496b-9887-069c87c7a423,POINT (-122.2537994384765 37.86641794050319)
254,14,BK-A7,15,-122.26959228515624,37.88022244590679,618c724d-9025-470b-8621-4500a9b69773,POINT (-122.2695922851562 37.88022244590679)
255,14,BK-B7,23,-122.26952791213989,37.876572549106854,5d2b4506-3169-4f9a-af15-31c78768917a,POINT (-122.2695279121399 37.87657254910685)
256,14,BK-B9,15,-122.26055324077606,37.875111692864444,c8b190cd-c4a1-4597-bb18-3d9cc786e9cb,POINT (-122.2605532407761 37.87511169286444)
257,14,BK-C1,15,-122.29967594146727,37.870407115465376,08f875e7-d696-4a4d-9656-43f07a953de4,POINT (-122.2996759414673 37.87040711546538)
258,14,BK-C8,23,-122.2664467,37.8723555,3494fb75-e57c-491f-a6e7-c2440c3a37e3,POINT (-122.2664467 37.8723555)
259,14,BK-D1,23,-122.2993708,37.866249,d1e31ce1-f129-48e0-bfe9-ba2674ed2daa,POINT (-122.2993708 37.866249)
262,14,BK-D4,15,-122.28653311729431,37.869966707604036,0b81b2ae-d9bf-4b66-b5e0-687205d4bc12,POINT (-122.2865331172943 37.86996670760404)
263,14,BK-E2,23,-122.2902305,37.8628271,40205ede-0c43-44ab-8c9c-0d8ecd9f854e,POINT (-122.2902305 37.8628271)
265,14,BK-F2,15,-122.2912095,37.8588682,3845994c-9953-44ce-b75b-43d4cb5216e8,POINT (-122.2912095 37.8588682)
266,14,BK-F8,23,-122.2647911,37.8624644,70cd5518-091f-4331-a80e-53df97db1a81,POINT (-122.2647911 37.8624644)
267,14,BK-F10,19,-122.2535687,37.8618037,a4ea165b-5dcf-4b41-ac2d-68718f98b147,POINT (-122.2535687 37.8618037)
268,14,BK-G8,15,-122.26157784461977,37.85749021457153,429a3ffa-e0df-4497-b6e9-91e3ccb12c1c,POINT (-122.2615778446198 37.85749021457153)
269,14,BK-G9,19,-122.258801,37.8623199,f1987d85-0da3-4a03-b947-8c6c72947f32,POINT (-122.258801 37.8623199)
270,14,BK-H3,15,-122.2896981239319,37.8539069616438,7cec0a12-76ab-4472-b38c-8e8ad02688a5,POINT (-122.2896981239319 37.8539069616438)
271,14,BK-G4,19,-122.28312671184538,37.85578332030199,4a6b5ab4-b2d8-4657-b93f-a71bc7007283,POINT (-122.2831267118454 37.85578332030199)
273,14,BK-H8,19,-122.26356536149979,37.855573661828785,4d1990b2-f487-43be-b436-018ad73ab0dd,POINT (-122.2635653614998 37.85557366182879)
274,14,BK-G7,20,-122.2675583,37.8575672,ef04d469-63f4-464a-946f-056da6318051,POINT (-122.2675583 37.8575672)
275,5,SJ-K11,15,-121.8888891,37.3429973,0d48fc9e-6798-46f0-bbb6-67a168800e0b,POINT (-121.8888891 37.3429973)
276,5,SJ-K5,23,-121.9125165,37.3322326,2c7560e6-62c6-4403-8b97-8016471948b5,POINT (-121.9125165 37.3322326)
277,5,SJ-K6,19,-121.90861791372298,37.333677122859896,27045384-791c-4519-8087-fce2f7c48a69,POINT (-121.908617913723 37.3336771228599)
278,5,SJ-L7-2,23,-121.9048882,37.3319323,d28bb0a7-8dc5-49be-86c7-9a3395eed019,POINT (-121.9048882 37.3319323)
279,5,SJ-M11-1,15,-121.8841054,37.3391456,7ae6ad74-9212-4a2b-bb52-aba03cb533e2,POINT (-121.8841054 37.3391456)
280,5,SJ-M11-2,23,-121.88321471214294,37.3371223728942,ed707a89-a68d-4921-a4cb-16c268e45a5b,POINT (-121.8832147121429 37.3371223728942)
281,5,SJ-M11-3,19,-121.8807965,37.3383952,7dfd8e07-81a8-4734-bc70-5e47aadbfa5a,POINT (-121.8807965 37.3383952)
282,5,SJ-M9-1,19,-121.89034938812256,37.332426301252056,7304d188-5de6-4a57-86e3-bb0b72481368,POINT (-121.8903493881226 37.33242630125206)
283,5,SJ-M8-2,19,-121.8977018,37.3302641,6bcc6da3-b25b-4fea-9c30-3eb88e282574,POINT (-121.8977018 37.3302641)
284,3,SF-H27-1,19,-122.40087568759917,37.78487208436062,8b4f5169-6d0c-4d43-aa31-d243c5aec7ec,POINT (-122.4008756875992 37.78487208436062)
285,3,SF-H20,27,-122.43115782737732,37.78352083526095,3c2ae472-6b36-42ce-be4d-f99208a7e8b0,POINT (-122.4311578273773 37.78352083526095)
286,5,SJ-N12-1,19,-121.8766132,37.3364659,dc464713-3263-40bd-a059-af2efd7a4b9a,POINT (-121.8766132 37.3364659)
287,5,SJ-O9,19,-121.8892731,37.32673,8fccc336-6544-4c73-a096-282131267f78,POINT (-121.8892731 37.32673)
288,5,SJ-H10,27,-121.9020161,37.3509643,0d730ac1-7ce6-45cf-aca6-b412ea46709d,POINT (-121.9020161 37.3509643)
289,5,SJ-I10,23,-121.89584255218504,37.35090179274617,8941eac9-fb07-4d76-b623-fae2af79139e,POINT (-121.895842552185 37.35090179274617)
290,5,SJ-I9,19,-121.89966201782227,37.34759257443888,6c176d42-fea5-4df1-80eb-66a99cc73a21,POINT (-121.8996620178223 37.34759257443888)
291,5,SJ-J8,15,-121.9031829,37.3413348,3ebc4f3f-2941-47cd-a173-83f01a91bf57,POINT (-121.9031829 37.3413348)
292,5,SJ-J9,19,-121.8969655,37.3448821,7d8f4de7-d726-4af2-95b5-33032136239a,POINT (-121.8969655 37.3448821)
294,5,SJ-O10,27,-121.884559,37.327581,d6c452d5-88d5-48e2-8028-d46134c2beb8,POINT (-121.884559 37.327581)
295,5,SJ-O11,23,-121.8759263,37.3327938,753e3e72-9498-4eef-a006-be1848cb36b3,POINT (-121.8759263 37.3327938)
296,5,SJ-P10,27,-121.87712,37.3259984,bb54f5c8-5578-4167-9599-8e55154de4fd,POINT (-121.87712 37.3259984)
297,5,SJ-P8,19,-121.8879312,37.3229796,676591be-48bc-4653-995a-c4536e793135,POINT (-121.8879312 37.3229796)
298,5,SJ-P9,23,-121.88109040260315,37.322124625448566,0fd9a51c-67ac-4048-b531-bff644b82f47,POINT (-121.8810904026031 37.32212462544857)
299,5,SJ-Q11,15,-121.8741186,37.3236779,46b4ef45-b06b-40eb-9fdf-9bc8ff104a4f,POINT (-121.8741186 37.3236779)
300,5,SJ-Q8,19,-121.884995,37.3172979,0cf3890c-4fde-49f7-9daa-7f2842695119,POINT (-121.884995 37.3172979)
301,5,SJ-Q9,15,-121.8831724,37.3184498,adda58ee-59a9-4586-8210-da874168a93b,POINT (-121.8831724 37.3184498)
303,5,SJ-H9,23,-121.905733,37.352601,393ec80c-da84-4d7a-9452-e77f8de7caf2,POINT (-121.905733 37.352601)
304,5,SJ-J10,27,-121.89479783177376,37.3487586867448,d6422284-e433-48c5-bf00-751c299189c8,POINT (-121.8947978317738 37.3487586867448)
305,5,SJ-K9,23,-121.895617,37.342725,13d36dad-f238-426c-9525-ec73552fa0b0,POINT (-121.895617 37.342725)
306,5,SJ-L10,15,-121.889937,37.339301,bae9be55-04d4-4641-9781-3d1c4b6950f1,POINT (-121.889937 37.339301)
307,5,SJ-L7-1,23,-121.900084,37.332692,daac8a55-dd65-4a1e-b0b9-65ec5002c812,POINT (-121.900084 37.332692)
308,5,SJ-L9,15,-121.8940901,37.336802,fa83f661-540e-4720-9323-824c6529b796,POINT (-121.8940901 37.336802)
309,5,SJ-M10-1,23,-121.886995,37.337391,5c17e1c8-5d21-4309-afcb-e69da27acf31,POINT (-121.886995 37.337391)
310,5,SJ-M10-2,23,-121.88566,37.335885,c52ca98a-70c6-42da-9867-4f35060b5d2e,POINT (-121.88566 37.335885)
311,5,SJ-M10-3,19,-121.886943,37.333798,891b961d-b674-49be-9579-71f5feb4598d,POINT (-121.886943 37.333798)
312,5,SJ-M7-1,35,-121.901782,37.329732,dc2f7685-c3e3-4536-b78b-740479cbb207,POINT (-121.901782 37.329732)
313,5,SJ-M8,23,-121.8932,37.331415,32974dc6-2aea-45d3-ae66-06f02f45ecaa,POINT (-121.8932 37.331415)
314,5,SJ-M9-2,11,-121.894902,37.333988,67b039eb-ea61-46c0-8da5-1f56de4ad9ca,POINT (-121.894902 37.333988)
315,12,OK-E2,15,-122.272968,37.834174,bde0daf3-435d-4e6a-a477-ec9a4b4c17f7,POINT (-122.272968 37.834174)
316,5,SJ-N10-2,19,-121.88693761825562,37.33116799422201,c11e189e-080a-40ba-a0a4-98920af4806b,POINT (-121.8869376182556 37.33116799422201)
317,5,SJ-N11,19,-121.877349,37.333955,53d1c097-50e3-494d-bddc-bdab49c7c39b,POINT (-121.877349 37.333955)
318,5,SJ-N9,15,-121.888979,37.330698,caadcda3-bbdb-4cc5-825a-7e3d79ea921e,POINT (-121.888979 37.330698)
321,3,SF-I27,31,-122.40286588668825,37.78064509250312,13f59664-7cdd-451c-b4bb-1e8d660164c8,POINT (-122.4028658866882 37.78064509250312)
323,3,SF-C26,0,-122.40595042705534,37.79801364395978,07303af0-cf6e-46f2-bf9c-9ebb61f21adc,POINT (-122.4059504270553 37.79801364395978)
324,3,SF-F26,27,-122.40853071212767,37.788299978150825,6d0651c2-022b-4e4d-add0-a1bda32e6725,POINT (-122.4085307121277 37.78829997815082)
327,5,SJ-N10-3,19,-121.8817663192749,37.33203868095132,bd217291-f4ad-4e1d-8c13-e27d39a35fef,POINT (-121.8817663192749 37.33203868095132)
336,3,SF-N26,27,-122.4073773622513,37.76328094058097,940751e9-8763-4929-9f03-080b95e35a52,POINT (-122.4073773622513 37.76328094058097)
337,12,OK-K6-,27,-122.26658821105957,37.80696976095594,3e04af83-e5cb-4472-95b5-1fc9caefa6fb,POINT (-122.2665882110596 37.80696976095594)
338,12,OK-L6-,23,-122.27057933807373,37.80318908113163,10c593a0-39c8-45ec-bbf6-fd7fbdf30cb5,POINT (-122.2705793380737 37.80318908113163)
339,12,OK-L7,27,-122.26643800735472,37.80000163118878,2dbb5c93-f749-47b9-bcad-ce6c3b26ba35,POINT (-122.2664380073547 37.80000163118878)
340,14,BK-I6,15,-122.270582,37.849735,fd89514c-f878-4cd5-8113-8e5beead44de,POINT (-122.270582 37.849735)
341,5,SJ-M10-4,11,-121.88927650451659,37.33618830029063,d12ba265-5bfe-4a00-a19a-a7299822bd65,POINT (-121.8892765045166 37.33618830029063)
343,3,SF I29-1,27,-122.39357203245163,37.783171989315306,8013d0b6-dd3a-4f9f-9fee-a1e6e21aef90,POINT (-122.3935720324516 37.78317198931531)
345,3,SF-M28,27,-122.39827930927277,37.766482696439496,e66227f7-bd49-46be-b5ee-ce6518ac9dd4,POINT (-122.3982793092728 37.7664826964395)
349,3,SF-I26-,27,-122.406609,37.780304,90e4028e-afee-480f-b327-4e7cc40f6796,POINT (-122.406609 37.780304)
350,3,SF-K26,31,-122.40578681230545,37.771431362921085,49cb42b6-8a2e-4e19-a4b5-0f70c5b45d39,POINT (-122.4057868123055 37.77143136292108)
351,14,BK-D2,19,-122.29339957237242,37.86906047545393,72266876-876c-41a9-a1d7-c4b4306b42c3,POINT (-122.2933995723724 37.86906047545393)
352,3,SF-Y25,23,-122.40659952163695,37.72694296622841,c0bc3212-1e26-438b-9ebd-ea1d1c8e92ef,POINT (-122.4065995216369 37.72694296622841)
355,3,SF-Q30,31,-122.38879501819609,37.755367132158526,194a64ab-b6b4-4724-bd21-01b4e9cbe629,POINT (-122.3887950181961 37.75536713215853)
356,3,SF-L22,19,-122.42228507995605,37.769188178104585,dd3ef1c7-d691-4b1f-a2d2-a9b04363ad49,POINT (-122.4222850799561 37.76918817810459)
357,5,SJ-K10,23,-121.89284384250641,37.34113203547954,ccf416f8-ccc0-4f82-a659-e5d7851d2bcb,POINT (-121.8928438425064 37.34113203547954)
358,3,SF-Y29,19,-122.39289611577988,37.729278651730276,c4c4484d-0e18-44d4-a992-c5d0550ba94d,POINT (-122.3928961157799 37.72927865173028)
359,3,SF-Y27,15,-122.39896327257156,37.73016750815088,e6e22821-4578-4bae-94d8-b1dabf0cd0cd,POINT (-122.3989632725716 37.73016750815088)
360,3,SF-V29,19,-122.38961778581141,37.73857187126725,9477b039-8d61-4917-b03a-43efb7d55c90,POINT (-122.3896177858114 37.73857187126725)
361,3,SF-V30,19,-122.38565549254417,37.739853017984125,20a07c3b-b37e-41e5-bbeb-632e3aae4b46,POINT (-122.3856554925442 37.73985301798412)
362,3,SF-X30,19,-122.3900556564331,37.7317266935217,dfaaaa16-03ba-40b5-8360-6ebfc97ea541,POINT (-122.3900556564331 37.7317266935217)
363,3,SF-G29-1,35,-122.3982846736908,37.78749210438603,21883e7a-ea31-4cfc-843a-ca8263b39fda,POINT (-122.3982846736908 37.78749210438603)
364,3,SF-K30-2,31,-122.3899698,37.7719996,d88b1cad-d8e4-4eff-9897-9dabbc43bcbb,POINT (-122.3899698 37.7719996)
365,3,SF-I20,23,-122.43194639682768,37.78045005996349,9d47758e-44c7-4a16-a66a-efe7f942e7d1,POINT (-122.4319463968277 37.78045005996349)
368,3,SF-G23,27,-122.41962164640428,37.78543382786823,3612155a-0fb2-4e66-8bab-f81979bfe54a,POINT (-122.4196216464043 37.78543382786823)
369,3,SF-G24,27,-122.41665109992026,37.78734902316596,88fe4d18-7a30-4ffa-8e6d-9c8aa708e30f,POINT (-122.4166510999203 37.78734902316596)
370,3,SF-G25,19,-122.41327822208405,37.7873267660624,11547c9b-2e36-4fc5-9e81-9d5817ae35dc,POINT (-122.413278222084 37.7873267660624)
371,3,SF-B25,19,-122.41357862949373,37.80274615250053,7b2083d3-b1bb-4ef3-ba53-bebc831bd0a4,POINT (-122.4135786294937 37.80274615250053)
372,12,OK-K7,19,-122.26240932941435,37.804036784023594,8d63ada7-a461-44c8-999d-4a8a45117e90,POINT (-122.2624093294144 37.80403678402359)
373,3,SF-R26,23,-122.40521550178528,37.75179164525661,6e7a5099-b2ba-40d4-9a24-29e0ae7dfd4b,POINT (-122.4052155017853 37.75179164525661)
375,3,SF-J16,31,-122.44654566049576,37.77483629413345,e98999ee-5c3d-48b8-8735-baf6518ad915,POINT (-122.4465456604958 37.77483629413345)
376,3,SF-O30-2,23,-122.38753974437712,37.76045755543481,fa0488df-ff17-42f1-9250-5a2bef70072b,POINT (-122.3875397443771 37.76045755543481)
377,3,SF-K15-,19,-122.4537048,37.7719511,180e4d99-3717-4b99-8200-671af652921f,POINT (-122.4537048 37.7719511)
378,5,SJ-J11,31,-121.89055323600769,37.3477119817597,bd05ae96-7adc-422d-84ea-697cd3b73afc,POINT (-121.8905532360077 37.3477119817597)
380,3,SF-I16,23,-122.44729131460188,37.779046658472055,175541bb-0ac6-42ba-bb50-071317d1237b,POINT (-122.4472913146019 37.77904665847205)
381,3,SF-P21,27,-122.4260938167572,37.75823842417928,2c3d0e1d-f278-48df-b887-4723d4bcbefe,POINT (-122.4260938167572 37.75823842417928)
383,3,SF-I22,31,-122.4219337105751,37.7807871267462,63758c7b-dfd9-4548-92a2-28fe8efb2faa,POINT (-122.4219337105751 37.7807871267462)
384,3,SF-E23,27,-122.42156758904456,37.79416044174933,ed438146-1615-45c6-bf54-07e2de0adcf1,POINT (-122.4215675890446 37.79416044174933)
385,14,BK-I5,14,-122.2781754,37.8505777,6b38a901-f4ae-4aef-b958-3b6efe69e9d6,POINT (-122.2781754 37.8505777)
386,3,SF-Q23-3,16,-122.41972357034683,37.752104984423575,47fcca45-c6c5-4665-9f34-8852ca3c3ae8,POINT (-122.4197235703468 37.75210498442357)
387,3,SF-U21,19,-122.42552250623703,37.73981271734901,1bd76a29-5890-4194-993c-666c09af9993,POINT (-122.425522506237 37.73981271734901)
388,5,SJ-J12-2,15,-121.88604980707169,37.35288682729121,534d8e3d-3814-48c9-b25e-1d2b8205fcd9,POINT (-121.8860498070717 37.35288682729121)
389,5,SJ-I11,23,-121.89193725585936,37.35306166133104,d87d0852-6abb-428b-86dd-d470c64c8ff7,POINT (-121.8919372558594 37.35306166133104)
390,3,SF-S29,15,-122.39044725894927,37.7504343570623,6e52cb4a-6cd5-4d29-ad74-68e3b6aa854f,POINT (-122.3904472589493 37.7504343570623)
391,5,SJ-G10,19,-121.90443634986876,37.355029582252904,3794a34d-764a-4af1-80db-1b0e0ce13fed,POINT (-121.9044363498688 37.3550295822529)
392,5,SJ-E9,15,-121.9117319583893,37.364060462258806,cfda2dee-2f6c-400d-a1a7-ba1b2bdc6aee,POINT (-121.9117319583893 37.36406046225881)
393,5,SJ-I5,23,-121.91947817802429,37.33802231313689,a96032c0-9ff2-4fbe-8f03-6b3f9816947d,POINT (-121.9194781780243 37.33802231313689)
394,5,SJ-J12-1,23,-121.8876188993454,37.349426308788004,7c086aa7-c33f-47e5-ace9-74c40807c409,POINT (-121.8876188993454 37.349426308788)
395,5,SJ-F10,27,-121.90683424472809,37.360854155253826,ab8cc22e-0f34-4476-bf81-293cbbb2e69c,POINT (-121.9068342447281 37.36085415525383)
396,5,SJ-C9,23,-121.9187942147255,37.36767805240811,e81efb0f-faee-43dd-b8e0-1e1f0cad61f1,POINT (-121.9187942147255 37.36767805240811)
397,5,SJ-E10,23,-121.90931528806688,37.36186680025918,b8cadddb-5ca8-43ec-98f3-2276e036950b,POINT (-121.9093152880669 37.36186680025918)
398,3,SF-D24,19,-122.4168576300144,37.796470691622936,36d93f40-149d-4b0d-ab4c-ea4aad093937,POINT (-122.4168576300144 37.79647069162294)
399,3,SF-B19,27,-122.4362888932228,37.802635949749025,43974bf5-147b-4348-aed6-eb29626cb1cf,POINT (-122.4362888932228 37.80263594974902)
400,3,SF-A20,28,-122.43353694677353,37.80427201985148,94b81aae-caf3-4ad6-867f-353057ad98d5,POINT (-122.4335369467735 37.80427201985148)
401,5,SJ-D9,19,-121.9168147444725,37.36522655191025,938f4dc0-e393-47e8-9449-3a82b2445662,POINT (-121.9168147444725 37.36522655191025)
402,5,SJ-H11,23,-121.89593575894831,37.356834352780886,c0f36b61-82e5-4f63-9a28-1fa11f0149c9,POINT (-121.8959357589483 37.35683435278089)
403,5,SJ-H12,23,-121.89225107431412,37.355692651246365,6200707a-ffec-4dde-b142-4df69780264f,POINT (-121.8922510743141 37.35569265124636)
404,5,SJ-M14,19,-121.87067806720735,37.345758795303155,c53990d7-f965-40f4-b305-3435e1c95a71,POINT (-121.8706780672074 37.34575879530315)
405,5,SJ-N5,27,-121.90597593784332,37.32345133870681,e5b1f228-5347-47fc-a079-c1df0e8668f1,POINT (-121.9059759378433 37.32345133870681)
406,5,SJ-O4,27,-121.91000461578369,37.316736478493425,2c00d99d-7518-4ecd-ab53-63e7a34034f6,POINT (-121.9100046157837 37.31673647849343)
407,5,SJ-P6,15,-121.89783275127412,37.31515792998312,b09fd293-4364-4ce6-9341-0ced58486c5a,POINT (-121.8978327512741 37.31515792998312)
409,13,EM-B0-2,23,-122.2987177222967,37.83954308266563,e5741f79-1c88-4f19-8f34-59b4ab198375,POINT (-122.2987177222967 37.83954308266563)
410,3,SF-S30,19,-122.38656744360925,37.750200010252144,ba6302c6-3960-48c0-99c7-27936e2d1275,POINT (-122.3865674436093 37.75020001025214)
411,3,SF-J22-1,27,-122.4238085746765,37.774017937683546,e2b8752f-c441-4d30-8bcf-f78b378c7c2d,POINT (-122.4238085746765 37.77401793768355)
412,3,SF-W19,40,-122.43414044380188,37.7328128005294,e0ae39c6-90d9-4302-8da9-582cdaaa2a60,POINT (-122.4341404438019 37.7328128005294)
413,3,SF-AA15,19,-122.4477231502533,37.720554988720636,90f3a6f3-b34b-48fa-b162-d7fdffd9637f,POINT (-122.4477231502533 37.72055498872064)
415,5,SJ-P7,19,-121.89299941062927,37.31975695999228,ea2a009b-6a83-4b81-ba35-c175c492f4f4,POINT (-121.8929994106293 37.31975695999228)
416,5,SJ-N6,23,-121.9030898809433,37.321181834267314,46f36a3a-f550-4fe0-bfe8-b94fddaf95d8,POINT (-121.9030898809433 37.32118183426731)
417,5,SJ-M5,23,-121.91232740879057,37.32601084794081,45d77294-6643-4ba4-bd8b-2e8c27430dfe,POINT (-121.9123274087906 37.32601084794081)
418,5,SJ-L13,19,-121.87438488006593,37.34398467798214,30429aed-9a47-4fd9-87fa-0db835aa8265,POINT (-121.8743848800659 37.34398467798214)
419,3,SF-F23,21,-122.42037266492844,37.78819690783405,618f7cf2-3478-4607-9081-71f3a314f56f,POINT (-122.4203726649284 37.78819690783405)
421,5,SJ-I14,19,-121.87877833843231,37.3600013909666,7d59176c-49dd-4b07-a5ab-bcc109974db3,POINT (-121.8787783384323 37.3600013909666)
422,5,SJ-J6,23,-121.90914899110793,37.33677476275722,d75591d7-080d-46cb-8ada-0fbe6af676fc,POINT (-121.9091489911079 37.33677476275722)
423,5,SJ-R11,31,-121.87009871006012,37.32031582108647,94c877d2-f064-4373-b372-3f8997a07f30,POINT (-121.8700987100601 37.32031582108647)
424,3,SF-C20,19,-122.43412166833876,37.799207926286,664a552b-479c-40c3-b702-6b0b63751ce3,POINT (-122.4341216683388 37.799207926286)
425,5,SJ-Q5,19,-121.89632534980774,37.31128394611736,4e704be5-b76d-44a5-8d05-a9ba3e5ae20e,POINT (-121.8963253498077 37.31128394611736)
426,5,SJ-M4,19,-121.91349685192107,37.3233446905968,68c89d1f-407a-4550-a2b7-ecf0ad7ee422,POINT (-121.9134968519211 37.3233446905968)
427,5,SJ-N5-2,27,-121.90829604864119,37.32096853145443,14750571-71a2-4c2f-8a6a-8f344866eebe,POINT (-121.9082960486412 37.32096853145443)
431,3,SF-X14,27,-122.4506950378418,37.728281592452824,f503bee7-b169-43c4-a1ef-5b3ddd859a7a,POINT (-122.4506950378418 37.72828159245282)
432,3,SF-X29,19,-122.39097297191618,37.73309280990925,a6c2bd25-bdaf-4548-baeb-e203cfa52b3e,POINT (-122.3909729719162 37.73309280990925)
433,3,SF-W14,15,-122.45112150907515,37.7316566899845,d09b983e-bbce-4501-9e3c-7dc0fe605ff3,POINT (-122.4511215090752 37.7316566899845)
434,3,SF-Z28,23,-122.39401996135712,37.725375194135154,f24186f7-5c85-4be8-8328-55de576a88db,POINT (-122.3940199613571 37.72537519413515)
435,3,SF-Y30,19,-122.38653659820555,37.72939320661727,9d4c484b-5e48-4115-8f87-e3f19b08c9d4,POINT (-122.3865365982056 37.72939320661727)
436,3,SF-W29,23,-122.38996982574461,37.73629587217104,ba3699d9-448e-4246-aa88-b7543383af4e,POINT (-122.3899698257446 37.73629587217104)
437,3,SF-V31,15,-122.38373637199402,37.740177543351436,6c4a9d85-6ef7-43fc-82a5-172d1a045539,POINT (-122.383736371994 37.74017754335144)
438,3,SF-V28,19,-122.3942506313324,37.7368516211844,9d5eb122-9e8b-49db-bf9c-a73c9e88c8d2,POINT (-122.3942506313324 37.7368516211844)
439,3,SF-G18,31,-122.4394780397415,37.78437181107635,7dd926da-25ee-48fd-9de7-ad59a83f94a8,POINT (-122.4394780397415 37.78437181107635)
440,3,SF-M15,23,-122.44925737380981,37.765910207223854,dd34aaa2-dd91-4d83-9f92-e8a2f1cc2f93,POINT (-122.4492573738098 37.76591020722385)
441,3,SF-B22,23,-122.4245086312294,37.802288386147964,f518d262-a592-4b3d-b026-b9215bea13d0,POINT (-122.4245086312294 37.80228838614796)
442,5,SJ-H17,23,-121.86796635389327,37.3655356585599,6994e1e6-bb3c-4309-8207-52e6004a7302,POINT (-121.8679663538933 37.3655356585599)
443,5,SJ-Q10,23,-121.87627851963045,37.32086614588923,a7677436-088f-4c4f-82b9-e769e479ddf1,POINT (-121.8762785196304 37.32086614588923)
444,5,SJ-G15,19,-121.88133180141449,37.37111641335901,3c12fd1d-c7fc-4570-8fa3-1449c096b818,POINT (-121.8813318014145 37.37111641335901)
445,3,SF-G28-2,21,-122.39960700273514,37.78655306258097,2a229da1-a8bc-485a-982b-df0c9de6d11e,POINT (-122.3996070027351 37.78655306258097)
446,3,SF-H26-2,15,-122.40731298923492,37.78227952975499,8d2b8bc1-39ed-43c4-83ca-6da147d76bea,POINT (-122.4073129892349 37.78227952975499)
450,3,SF-M10,27,-122.47065067291258,37.76393402521409,ea3a94b3-f37e-4d32-afaf-e8bc1f89342f,POINT (-122.4706506729126 37.76393402521409)
451,3,SF-M11,23,-122.46737837791443,37.76409093429919,51e8e63d-0883-47e0-b280-210e0c990a49,POINT (-122.4673783779144 37.76409093429919)
453,3,SF-J28-2,19,-122.3969730734825,37.77793367006746,e1242828-b89b-4d56-a78e-6a34fd7d3c00,POINT (-122.3969730734825 37.77793367006746)
454,3,SF-J12,23,-122.46500730514526,37.77517550658666,2815280a-8263-4537-a944-4fdc32774fde,POINT (-122.4650073051453 37.77517550658666)
455,3,SF-J13,19,-122.4583339691162,37.77521366789027,bfb90ed7-6039-4c61-9b13-fb60b1786dde,POINT (-122.4583339691162 37.77521366789027)
456,3,SF-G13,19,-122.45880603790283,37.78146761537824,b513d838-5423-490c-bf7d-9f20771cf529,POINT (-122.4588060379028 37.78146761537824)
457,3,SF-M12,27,-122.46406316757202,37.76343361023245,09a8c4ba-29d9-43bd-a457-34e8f741d673,POINT (-122.464063167572 37.76343361023245)
458,3,SF-M13,19,-122.45763659477234,37.76578298679633,ec61cf51-8375-4959-9f51-b225e317abb7,POINT (-122.4576365947723 37.76578298679633)
459,3,SF-Q26,15,-122.40539252758025,37.75312346009645,9cac67a2-9219-455e-b3db-c771311c5b33,POINT (-122.4053925275802 37.75312346009645)
460,3,SF-M30-2,42,-122.38633275032042,37.76909488728109,87168190-5491-47c8-bb9b-187ddf6052c3,POINT (-122.3863327503204 37.76909488728109)
461,3,SF-L31-1,27,-122.38662242889403,37.771329594195095,afd6eb75-31a1-4efc-8049-b5617fc2b51f,POINT (-122.386622428894 37.77132959419509)
462,3,SF-B28,23,-122.402087,37.804648,d82d9e94-bb62-4001-b6ad-50603199554d,POINT (-122.402087 37.804648)
463,3,SF-V32,27,-122.3767840862274,37.740321776391326,c0d7ba8d-145a-40fc-aa06-f4c06fc49edb,POINT (-122.3767840862274 37.74032177639133)
465,3,SF-J29-3,18,-122.39443838596343,37.77632881728594,a7da1857-747a-4507-9d8f-2a9f95f0babf,POINT (-122.3944383859634 37.77632881728594)
466,3,SF-H12,21,-122.46314182877539,37.77948760924334,9b4f6ef0-4568-4f52-8226-ec8432b75802,POINT (-122.4631418287754 37.77948760924334)
467,3,SF-I30-2,35,-122.39134311676027,37.78238578812408,4c98bff8-3bd8-480e-ac8f-25fa4b09f84e,POINT (-122.3913431167603 37.78238578812408)
468,3,SF-J22-2,25,-122.42295295000075,37.77787007022392,578f166a-d83f-4730-b12d-f1384b7b8c44,POINT (-122.4229529500007 37.77787007022392)
469,3,SF-H19,27,-122.43576988577843,37.781981687527214,7baa314e-6125-4943-b469-40cd66776104,POINT (-122.4357698857784 37.78198168752721)
470,5,SJ-L12,23,-121.87729239463806,37.3426625921454,b6d76c7a-2082-430b-8403-da5db00becaf,POINT (-121.8772923946381 37.3426625921454)
471,3,SF-J14,21,-122.45462179183959,37.777609310293336,394b8db0-00f7-47b8-b85c-a36fd0de8340,POINT (-122.4546217918396 37.77760931029334)
472,5,SJ-N7,23,-121.89971968531609,37.324125951150876,eb283c26-5d6b-4da4-a2ac-f0bfe3329856,POINT (-121.8997196853161 37.32412595115088)
473,5,SJ-Q4,23,-121.9000107049942,37.309014074275915,cf792877-0b6a-4594-b388-8eb06599b549,POINT (-121.9000107049942 37.30901407427591)
474,3,SF-G10-2,27,-122.47282326221466,37.78047125917752,7f44afe0-3e39-41d5-a73d-121395143d81,POINT (-122.4728232622147 37.78047125917752)
475,5,SJ-N14,15,-121.86402082443236,37.340378740650536,59a78eb1-a501-4145-b21f-bc2397898905,POINT (-121.8640208244324 37.34037874065054)
476,5,SJ-N14-2,15,-121.86652064323424,37.338468014146,ea511b7f-eae4-4ee8-9bba-ee7445e5133a,POINT (-121.8665206432342 37.338468014146)
477,3,SF-G9,23,-122.47610360383989,37.78071988575564,be15716e-f097-437b-8738-1db234d03b5e,POINT (-122.4761036038399 37.78071988575564)
478,3,SF-B21,19,-122.42591947317123,37.80025443076764,c8a342d4-3bf7-4619-9ae1-9b382d5440e1,POINT (-122.4259194731712 37.80025443076764)
479,3,SF-E22,3,-122.4233016371727,37.792979854977766,586dce76-7324-4117-9c58-7ed6d00151bf,POINT (-122.4233016371727 37.79297985497777)
480,3,SF-F19,19,-122.43540108203887,37.788568914161615,434e592c-be93-4300-b76a-98de4cd3326e,POINT (-122.4354010820389 37.78856891416162)
481,3,SF-H16,27,-122.44737446308135,37.781130551698666,1e5323d3-5bd3-4259-a9d4-aec0e09d8f56,POINT (-122.4473744630813 37.78113055169867)
482,3,SF-K27-2,23,-122.40368127822876,37.772657877070614,ab03623f-6fe9-4e9b-b38b-6e98513082d1,POINT (-122.4036812782288 37.77265787707061)
483,3,SF-L27-2,27,-122.40088641643523,37.77122901793374,22a9d86b-ba44-4f2f-b167-355f99c7968c,POINT (-122.4008864164352 37.77122901793374)
485,3,SF-J10,27,-122.47123003005983,37.77326317603698,91ab197f-ceb5-4dbe-b907-532afa8db43b,POINT (-122.4712300300598 37.77326317603698)
486,3,SF-H13,19,-122.45864510536192,37.778486986397496,f0083331-9bf8-407f-bba2-ab00c8968db9,POINT (-122.4586451053619 37.7784869863975)
487,3,SF-C25,30,-122.41088703274725,37.800496036682574,fb39d594-8fdb-440e-80c5-8a544b339007,POINT (-122.4108870327473 37.80049603668257)
488,3,SF-AA28,27,-122.39249646663664,37.7226299219322,2dfbc387-8432-4ac3-9526-fc79b5046eb8,POINT (-122.3924964666366 37.7226299219322)
489,3,SF-G10-1,27,-122.47196763753891,37.782497875963806,5a895f98-fd79-4db0-b19f-e2d312acf148,POINT (-122.4719676375389 37.78249787596381)
490,3,SF-G11,27,-122.46763586997984,37.781840715520495,48c7a222-5ed0-4b31-b520-4b6bfc5ca54d,POINT (-122.4676358699798 37.7818407155205)
491,5,SJ-L9-2,23,-121.89564406871794,37.338670604639425,d68c980f-e659-4407-8e69-fea3ea84476a,POINT (-121.8956440687179 37.33867060463943)
492,3,SF-E20,19,-122.43259012699126,37.79080303242391,63b2136c-c947-473e-977e-8cc0e6347699,POINT (-122.4325901269913 37.79080303242391)
493,3,SF-J26-2,19,-122.40790843963623,37.77666378283064,b53670c4-7b44-4b35-88da-c8763a8802a2,POINT (-122.4079084396362 37.77666378283064)
494,5,SJ-M6-2,19,-121.9049111008644,37.326282324105776,14f62ff9-1893-4379-8fe4-db578da909ee,POINT (-121.9049111008644 37.32628232410578)
495,5,SJ-L11,19,-121.88438951969147,37.343208488473465,218e755d-c0d3-4b33-8afc-b4b0e8ab3a41,POINT (-121.8843895196915 37.34320848847346)
496,3,SF-C22,23,-122.423534989357,37.79762790889688,cb20f487-2e7d-4c11-9f19-2b669ff9fd7f,POINT (-122.423534989357 37.79762790889688)
497,3,SF-X19,0,-122.43289589881897,37.73017446887281,57b62dd0-e022-47a7-ad7e-340fbe98188a,POINT (-122.432895898819 37.73017446887281)
498,3,SF-Y14,23,-122.45244383811949,37.7258897887525,47894de7-32c7-48ac-aa44-57c8def8a7f3,POINT (-122.4524438381195 37.7258897887525)
499,3,SF-K23,22,-122.41979598999023,37.77230334819668,3a415706-d63c-4a35-9b1c-bb9127ddc925,POINT (-122.4197959899902 37.77230334819668)
500,3,SF-B28-2,31,-122.40177154541014,37.80219785244911,6732f1f5-616c-46bc-81e6-67c5319b3c73,POINT (-122.4017715454101 37.80219785244911)
501,3,SF-Y16,0,-122.4432384967804,37.72489268384971,fed768af-80bd-4567-9a94-df9b7e369433,POINT (-122.4432384967804 37.72489268384971)
502,3,SF-Z16,0,-122.44380980730057,37.72238229348268,7dfe1c94-5eae-41a7-ad42-3d3f4c7610a3,POINT (-122.4438098073006 37.72238229348268)
503,3,SF-BB17,0,-122.440105676651,37.71616094545787,ec02b98c-1713-4033-9466-47146c77d476,POINT (-122.440105676651 37.71616094545787)
504,3,SF-AA17,0,-122.43830323219298,37.72154366557775,c03c4e52-af17-45f6-adcd-47318c1d3aec,POINT (-122.438303232193 37.72154366557775)
505,3,SF-CC18,0,-122.43349134922028,37.71319253793744,f730f60a-6481-45fa-a956-eb9b511f89e4,POINT (-122.4334913492203 37.71319253793744)
506,3,SF-G12,24,-122.4653774499893,37.78243851977672,df4b01d6-90bb-4faa-8437-d0391b8d115b,POINT (-122.4653774499893 37.78243851977672)
508,3,SF-H17,27,-122.442534,37.782476,a7a6f245-fb70-495f-9598-89fa03d120f7,POINT (-122.442534 37.782476)
509,3,SF-U30,19,-122.386843,37.742232,1a7a0757-fbbb-497e-b92b-cb0817cab274,POINT (-122.386843 37.742232)
510,3,SF-G20,31,-122.431821,37.785394,a5c3e383-f1b0-449f-8ad4-96291f38c636,POINT (-122.431821 37.785394)
511,3,SF-H15,29,-122.450012,37.78068,8971b4a0-9868-422f-904c-d4c180fc34ae,POINT (-122.450012 37.78068)
512,3,SF-E18,19,-122.440688,37.789688,e8bf72d0-c2cc-4e22-b678-4e715c2bd9ff,POINT (-122.440688 37.789688)
513,3,SF-M26-2,27,-122.40440279245377,37.768545741184596,b8c5214e-5d26-47d0-aba5-d62ef145d083,POINT (-122.4044027924538 37.7685457411846)
514,3,SF-F16,23,-122.450081,37.786692,e061c062-a4eb-4a4d-a19c-a6c6e3e03e1d,POINT (-122.450081 37.786692)
515,3,SF-F9,23,-122.477667,37.785111,37cf6b02-5cb0-4461-bf45-0ae60a1a2fb7,POINT (-122.477667 37.785111)
516,3,SF-G5,23,-122.492844,37.781722,9818c353-b93e-4775-b23c-d602913945ca,POINT (-122.492844 37.781722)
517,3,SF-F15,24,-122.45342284440996,37.78657849953654,272f64c8-d2aa-4fe8-8fcd-9853367dc8b8,POINT (-122.45342284441 37.78657849953654)
518,3,SF-P26,15,-122.405943,37.756808,6197f964-9002-4ddb-b4df-70d0bcf25ee9,POINT (-122.405943 37.756808)
519,3,SF-K28-3,0,-122.399998,37.773238,e60d1fa9-6274-4137-9fa2-160a32e29afa,POINT (-122.399998 37.773238)
520,3,SF-G7,19,-122.482807,37.78199,f8f12028-2117-4737-9a03-04548ad95e82,POINT (-122.482807 37.78199)
521,3,SF-J1,23,-122.509071,37.772954,874736bb-35c8-48e8-a4d7-e8e811d418da,POINT (-122.509071 37.772954)
523,3,SF-E21,0,-122.429315,37.791966,c6fc1429-ff65-428a-920c-f07aacdf51e8,POINT (-122.429315 37.791966)
524,3,SF-J5,0,-122.494052,37.77575,4938bd2c-37c1-4be9-9ad3-3b3d3d589248,POINT (-122.494052 37.77575)
525,3,SF-G8,0,-122.480389,37.780111,8777c08a-3535-4da3-bae1-a22f470177f3,POINT (-122.480389 37.780111)
